Star system,Government,Allegiance,Power,Population,Fac,Sta,Inf,Updated
134 Tauri︎,Corporate,Independent,,2194293,4,3.0,51.3%,13 days ago
23 Geminorum︎,Corporate,Independent,,98212,4,1.0,60.0%,2 days ago
30 Geminorum︎,Corporate,Independent,,109845,4,9.0,53.1%,1 hour ago
75 l Orionis︎,Corporate,Independent,,111344,4,1.0,60.3%,2 days ago
Aapep︎,Anarchy,Independent,,162288,6,26.0,6.2%,1 day ago
Alkondu︎,Anarchy,Independent,,23913,4,27.0,15.8%,2 days ago
Amitabha︎,Anarchy,Independent,,3048441,7,13.0,7.7%,1 day ago
Bach︎,Anarchy,Independent,,16461,5,11.0,11.6%,17 hours ago
Bastana︎,Confederacy,Federation,,7153533,7,87.0,5.1%,1 day ago
Bhime︎,Democracy,Independent,,16150961,7,24.0,13.5%,4 days ago
Bletii︎,Patronage,Independent,,6108032,6,124.0,15.3%,12 minutes ago
Celes︎,Corporate,Independent,,89354,7,37.0,39.9%,1 day ago
Col 285 Sector AJ-Q b6-2︎,Corporate,Independent,,149249,4,2.0,53.9%,30 days ago
Col 285 Sector AU-O b7-4︎,Corporate,Independent,,209522,4,3.0,60.1%,6 days ago
Col 285 Sector BA-Z d24︎,Corporate,Federation,,125320,3,2.0,12.7%,6 days ago
Col 285 Sector BA-Z d70︎,Corporate,Federation,,35923908,3,13.0,10.4%,1 day ago
Col 285 Sector BK-N b8-0︎,Corporate,Independent,,61062,4,2.0,19.8%,47 days ago
Col 285 Sector BK-N b8-2︎,Corporate,Independent,,1784199,4,3.0,20.0%,2 days ago
Col 285 Sector BU-O b7-1︎,Corporate,Independent,,919208,4,5.0,60.3%,4 days ago
Col 285 Sector BU-O b7-3︎,Corporate,Independent,,93080,4,1.0,56.6%,6 days ago
Col 285 Sector BU-O b7-4︎,Corporate,Independent,,197588,4,2.0,53.7%,8 days ago
Col 285 Sector BU-O b7-5︎,Democracy,Independent,,7404665,4,29.0,20.3%,2 days ago
Col 285 Sector CU-O b7-1︎,Cooperative,Independent,,59765,4,4.0,19.9%,4 days ago
Col 285 Sector DF-N b8-3︎,Corporate,Independent,,50939,4,1.0,52.8%,6 days ago
Col 285 Sector DV-Y d32︎,Corporate,Independent,,187135,4,3.0,55.8%,7 days ago
Col 285 Sector EP-O b7-3︎,Patronage,Independent,,4187678,4,5.0,20.7%,5 days ago
Col 285 Sector FA-N b8-0︎,Corporate,Independent,,28182851,4,1.0,61.9%,6 days ago
Col 285 Sector FA-N b8-1︎,Corporate,Independent,,57472,4,,61.1%,10 days ago
Col 285 Sector FG-X d1-20︎,Corporate,Independent,,142509,4,8.0,60.5%,5 days ago
Col 285 Sector FG-X d1-43︎,Corporate,Independent,,154704,4,2.0,58.6%,13 days ago
Col 285 Sector FG-X d1-53︎,Corporate,Independent,,170188,4,1.0,55.4%,11 days ago
Col 285 Sector FG-X d1-68︎,Corporate,Independent,,161946,3,1.0,64.6%,6 days ago
Col 285 Sector FK-O b7-3︎,Patronage,Independent,,81379,4,1.0,19.1%,6 days ago
Col 285 Sector FQ-L b9-0︎,Corporate,Independent,,6355504,4,1.0,21.9%,1 day ago
Col 285 Sector FQ-L b9-1︎,Corporate,Independent,,178926,4,1.0,20.4%,3 days ago
Col 285 Sector FQ-L b9-5︎,Corporate,Independent,,145662,4,1.0,21.5%,28 days ago
Col 285 Sector FV-X c1-12︎,Corporate,Independent,,63731,4,1.0,58.5%,3 days ago
Col 285 Sector FV-X c1-21︎,Corporate,Independent,,119663,4,1.0,51.2%,23 hours ago
Col 285 Sector FV-X c1-23︎,Corporate,Federation,,167320,4,1.0,37.5%,12 days ago
Col 285 Sector FV-X c1-24︎,Corporate,Federation,,1782532,3,2.0,33.5%,1 day ago
Col 285 Sector GG-X d1-106︎,Corporate,Independent,,96017,4,2.0,48.2%,5 days ago
Col 285 Sector GG-X d1-107︎,Corporate,Independent,,57763,4,1.0,57.8%,26 days ago
Col 285 Sector GG-X d1-123︎,Democracy,Independent,,30520,4,3.0,20.0%,20 days ago
Col 285 Sector GG-X d1-124︎,Democracy,Independent,,534302237,4,7.0,16.5%,8 days ago
Col 285 Sector GG-X d1-32︎,Corporate,Independent,,66983,4,1.0,60.0%,2 days ago
Col 285 Sector GG-X d1-42︎,Democracy,Independent,,80144,4,1.0,18.6%,38 days ago
Col 285 Sector GG-X d1-52︎,Corporate,Independent,,327683587,3,16.0,77.8%,2 days ago
Col 285 Sector GG-X d1-58︎,Corporate,Independent,,46058,4,1.0,60.0%,25 days ago
Col 285 Sector GG-X d1-84︎,Patronage,Independent,,190211,4,3.0,19.9%,4 days ago
Col 285 Sector GG-X d1-87︎,Corporate,Independent,,1312893,4,9.0,62.8%,1 day ago
Col 285 Sector GG-X d1-89︎,Corporate,Independent,,175294,4,1.0,53.7%,20 days ago
Col 285 Sector GG-X d1-91︎,Corporate,Independent,,89919,4,,60.5%,31 days ago
Col 285 Sector GG-X d1-98︎,Corporate,Independent,,181542,4,3.0,60.0%,6 days ago
Col 285 Sector GG-X d1-99︎,Patronage,Independent,,83852,4,,19.2%,14 days ago
Col 285 Sector GK-O b7-6︎,Patronage,Independent,,35492848,4,9.0,12.7%,1 day ago
Col 285 Sector GL-L b9-0︎,Corporate,Independent,,2024522,4,21.0,20.9%,12 hours ago
Col 285 Sector GV-X c1-24︎,Corporate,Independent,,59311,4,,60.0%,3 days ago
Col 285 Sector HG-W c2-2︎,Corporate,Independent,,40757,4,1.0,54.5%,2 days ago
Col 285 Sector HG-W c2-8︎,Corporate,Independent,,56697,4,1.0,51.9%,2 days ago
Col 285 Sector HI-Q a7-0︎,Corporate,Independent,,41101,4,,60.0%,39 days ago
Col 285 Sector HK-O b7-6︎,Patronage,Independent,,86832,4,1.0,20.0%,13 days ago
Col 285 Sector HQ-X c1-7︎,Corporate,Federation,,2754913,4,10.0,18.9%,8 hours ago
Col 285 Sector HV-M b8-4︎,Patronage,Independent,,83555,3,1.0,22.1%,18 hours ago
Col 285 Sector JB-W c2-16︎,Corporate,Independent,,690317,4,1.0,55.7%,22 days ago
Col 285 Sector JB-W c2-2︎,Corporate,Independent,,152265,4,1.0,59.6%,24 days ago
Col 285 Sector JB-W c2-22︎,Democracy,Federation,,1200185,4,23.0,25.6%,3 days ago
Col 285 Sector KB-W c2-18︎,Corporate,Independent,,59327,4,1.0,57.1%,12 days ago
Col 285 Sector KB-W c2-2︎,Corporate,Independent,,48048,4,,60.0%,44 days ago
Col 285 Sector KM-V d2-112︎,Patronage,Independent,,47839,4,,21.3%,4 days ago
Col 285 Sector KM-V d2-115︎,Patronage,Independent,,56538,4,4.0,19.9%,6 days ago
Col 285 Sector KM-V d2-118︎,Corporate,Independent,,82658,4,1.0,20.0%,15 days ago
Col 285 Sector KM-V d2-119︎,Corporate,Independent,,94349,4,1.0,20.0%,2 days ago
Col 285 Sector KM-V d2-55︎,Corporate,Independent,,651993,4,1.0,18.9%,2 days ago
Col 285 Sector KM-V d2-79︎,Corporate,Independent,,2250147,4,15.0,17.9%,1 day ago
Col 285 Sector KO-O a8-1︎,Corporate,Independent,,65989,4,1.0,59.0%,5 days ago
Col 285 Sector KV-V b3-1︎,Corporate,Independent,,57212,4,6.0,54.3%,23 hours ago
Col 285 Sector LB-W c2-13︎,Democracy,Independent,,292435,4,4.0,19.9%,3 days ago
Col 285 Sector LB-W c2-20︎,Corporate,Independent,,137672,4,1.0,57.7%,19 days ago
Col 285 Sector LQ-M b8-3︎,Patronage,Independent,,5625886,4,14.0,21.8%,19 hours ago
Col 285 Sector LQ-M b8-6︎,Patronage,Independent,,71009,4,2.0,21.2%,20 hours ago
Col 285 Sector LQ-V b3-2︎,Corporate,Federation,,70031,4,3.0,34.8%,25 days ago
Col 285 Sector LQ-V b3-3︎,Corporate,Independent,,147527,4,2.0,47.3%,12 days ago
Col 285 Sector MM-U c3-0︎,Cooperative,Independent,,1062988,3,16.0,32.5%,2 days ago
Col 285 Sector MM-U c3-1︎,Corporate,Independent,,184945,4,1.0,56.4%,12 days ago
Col 285 Sector MM-U c3-12︎,Corporate,Independent,,88260,4,2.0,59.4%,15 days ago
Col 285 Sector MM-U c3-16︎,Corporate,Independent,,101763,4,1.0,55.8%,6 days ago
Col 285 Sector MM-U c3-2︎,Cooperative,Independent,,5792579,4,5.0,35.4%,6 days ago
Col 285 Sector MM-U c3-22︎,Corporate,Independent,,83585,4,2.0,60.0%,1 day ago
Col 285 Sector MM-U c3-3︎,Corporate,Independent,,76075,4,2.0,57.6%,54 days ago
Col 285 Sector MM-U c3-4︎,Corporate,Independent,,14632866,4,1.0,60.0%,5 days ago
Col 285 Sector MM-U c3-5︎,Corporate,Independent,,212367,4,3.0,60.2%,7 days ago
Col 285 Sector MM-U c3-7︎,Corporate,Independent,,345109,4,2.0,59.5%,1 day ago
Col 285 Sector MM-U c3-8︎,Corporate,Independent,,177991,4,2.0,55.7%,11 days ago
Col 285 Sector NB-U b4-0︎,Corporate,Independent,,757676,4,1.0,57.8%,9 days ago
Col 285 Sector NL-V b3-2︎,Corporate,Federation,,4761484,3,1.0,24.6%,11 days ago
Col 285 Sector NL-V b3-5︎,Corporate,Independent,,445088,4,1.0,42.9%,10 days ago
Col 285 Sector NM-U c3-10︎,Corporate,Independent,,165515,4,,60.7%,1 day ago
Col 285 Sector NZ-M a9-0︎,Corporate,Independent,,40097,4,1.0,53.1%,95 days ago
Col 285 Sector OH-U c3-10︎,Patronage,Independent,,169082,4,1.0,22.9%,15 days ago
Col 285 Sector OH-U c3-14︎,Patronage,Independent,,88872,4,1.0,17.7%,23 days ago
Col 285 Sector OH-U c3-23︎,Patronage,Independent,,79382,4,1.0,18.7%,17 days ago
Col 285 Sector OW-K b9-3︎,Patronage,Independent,,2433594,4,2.0,19.9%,11 days ago
Col 285 Sector OW-K b9-4︎,Patronage,Independent,,240774,4,1.0,20.0%,11 days ago
Col 285 Sector OW-K b9-7︎,Patronage,Independent,,57265,4,3.0,20.0%,13 days ago
Col 285 Sector OX-S c4-12︎,Corporate,Independent,,82413,4,3.0,20.0%,52 days ago
Col 285 Sector OX-S c4-16︎,Corporate,Independent,,5970522,4,2.0,19.9%,11 days ago
Col 285 Sector PH-U c3-14︎,Corporate,Independent,,166137,4,1.0,64.4%,25 days ago
Col 285 Sector PH-U c3-16︎,Corporate,Independent,,46152,4,2.0,60.0%,53 days ago
Col 285 Sector PH-U c3-20︎,Patronage,Independent,,104599,4,,20.0%,12 days ago
Col 285 Sector PH-U c3-23︎,Patronage,Independent,,119775,4,1.0,20.0%,72 days ago
Col 285 Sector PH-U c3-5︎,Patronage,Independent,,132169,4,15.0,19.1%,4 days ago
Col 285 Sector PM-S b5-3︎,Corporate,Independent,,139893,4,1.0,58.0%,8 days ago
Col 285 Sector PM-S b5-6︎,Corporate,Independent,,38987,4,,60.0%,2 days ago
Col 285 Sector PW-T b4-0︎,Corporate,Independent,,53365302,4,8.0,66.1%,2 days ago
Col 285 Sector PW-T b4-2︎,Corporate,Independent,,31871453,4,10.0,57.3%,5 days ago
Col 285 Sector PW-T b4-3︎,Corporate,Federation,,909714,4,1.0,35.0%,4 days ago
Col 285 Sector QB-U b4-2︎,Corporate,Independent,,86305,4,2.0,62.0%,12 days ago
Col 285 Sector QS-S c4-11︎,Corporate,Independent,,177674,4,1.0,60.0%,11 days ago
Col 285 Sector QS-S c4-12︎,Corporate,Independent,,31483159,4,12.0,57.1%,6 days ago
Col 285 Sector QS-S c4-2︎,Corporate,Federation,,225340,3,4.0,11.5%,1 day ago
Col 285 Sector QS-S c4-7︎,Corporate,Independent,,56027,4,1.0,20.0%,2 days ago
Col 285 Sector QS-S c4-9︎,Corporate,Independent,,751496,4,3.0,19.6%,2 days ago
Col 285 Sector TN-S c4-27︎,Patronage,Independent,,548152,4,2.0,22.3%,13 days ago
Col 285 Sector TN-S c4-28︎,Patronage,Independent,,12197,4,2.0,20.0%,1 day ago
Col 285 Sector TN-S c4-5︎,Patronage,Independent,,152996,4,1.0,20.4%,15 days ago
Col 285 Sector TR-T b4-0︎,Corporate,Independent,,36611834,4,1.0,60.4%,2 days ago
Col 285 Sector UR-T b4-2︎,Democracy,Independent,,59011,4,5.0,19.9%,21 days ago
Col 285 Sector US-Q b6-1︎,Democracy,Independent,,44442,4,1.0,12.5%,7 days ago
Col 285 Sector WN-Q b6-1︎,Corporate,Independent,,199192,4,2.0,60.0%,1 day ago
Col 285 Sector WX-R b5-3︎,Corporate,Independent,,63122,4,,62.0%,10 days ago
Col 285 Sector XL-J a11-2︎,Corporate,Independent,,3986239,4,,62.7%,18 days ago
Col 285 Sector XY-O b7-0︎,Feudal,Independent,,199732,4,1.0,20.3%,1 day ago
Col 285 Sector YN-Q b6-2︎,Corporate,Independent,,321868,4,6.0,59.3%,25 days ago
Col 285 Sector YN-Q b6-4︎,Corporate,Independent,,89961,4,1.0,59.9%,6 days ago
Col 285 Sector YX-R b5-1︎,Democracy,Independent,,61835,4,3.0,19.9%,2 days ago
Col 285 Sector YX-R b5-3︎,Democracy,Independent,,160457,3,3.0,16.8%,3 days ago
Col 285 Sector YX-R b5-5︎,Democracy,Independent,,74456,4,2.0,30.6%,12 days ago
Col 285 Sector YY-O b7-2︎,Democracy,Independent,,78385,4,3.0,11.6%,4 days ago
Col 285 Sector ZX-R b5-0︎,Democracy,Independent,,59662558,3,29.0,8.9%,1 day ago
Cuic︎,Anarchy,Independent,,15150,6,12.0,9.1%,1 day ago
Drevelli︎,Corporate,Independent,,44080,7,32.0,11.6%,1 day ago
Gerong︎,Anarchy,Independent,,2581941,7,31.0,5.2%,1 day ago
Giryamba︎,Corporate,Independent,,105669,6,51.0,15.2%,9 days ago
HIP 26625︎,Communism,Independent,,65906,4,,13.0%,5 days ago
HIP 26729︎,Communism,Independent,,84063,4,1.0,13.4%,33 days ago
HIP 27431︎,Corporate,Independent,,91136,4,,61.4%,3 days ago
HIP 27933︎,Corporate,Independent,,1156981,4,1.0,53.8%,2 days ago
HIP 29200︎,Corporate,Independent,,478894,4,12.0,62.0%,2 days ago
HIP 29665︎,Corporate,Independent,,21226,4,3.0,60.0%,6 days ago
HIP 29991︎,Corporate,Independent,,360386,3,2.0,64.9%,26 days ago
HIP 30749︎,Corporate,Independent,,429373,4,8.0,59.6%,1 day ago
HIP 30838︎,Patronage,Independent,,86087,4,,20.3%,15 days ago
HIP 31326︎,Patronage,Independent,,111225,4,4.0,21.7%,2 days ago
HIP 31849︎,Anarchy,Independent,,86403,4,5.0,18.8%,2 days ago
HIP 32608︎,Patronage,Independent,,1841910,4,1.0,20.0%,4 days ago
HIP 33227︎,Corporate,Independent,,96805,4,1.0,55.6%,11 days ago
HIP 33275︎,Anarchy,Independent,,680536,6,2.0,10.6%,1 day ago
HIP 33303︎,Patronage,Independent,,74618,4,10.0,20.6%,4 days ago
HIP 33608︎,Patronage,Independent,,87252,4,1.0,19.5%,8 days ago
HIP 33941︎,Corporate,Independent,,5598147,4,11.0,67.5%,1 day ago
HIP 34214︎,Corporate,Independent,,182047,4,1.0,55.6%,5 days ago
HIP 34633︎,Corporate,Independent,,2419393,4,,59.9%,5 days ago
HIP 34759︎,Corporate,Independent,,318483,4,5.0,56.6%,7 days ago
HIP 35185︎,Corporate,Independent,,150481,7,59.0,5.9%,1 day ago
HIP 35219︎,Corporate,Independent,,126585,4,7.0,58.3%,8 days ago
HR 2324︎,Patronage,Independent,,78635,4,2.0,20.1%,34 days ago
HR 2375︎,Corporate,Independent,,2584941,4,2.0,61.8%,10 days ago
HR 2391︎,Corporate,Independent,,10791399,4,1.0,47.8%,11 days ago
HR 2551︎,Corporate,Independent,,5811,4,2.0,63.3%,2 days ago
HR 2606︎,Corporate,Independent,,66122441,3,20.0,44.8%,2 days ago
Hyades Sector AF-Y b1-4︎,Corporate,Independent,,124013,4,1.0,59.3%,4 days ago
Hyades Sector AF-Z c20︎,Corporate,Independent,,138439,4,2.0,60.0%,16 days ago
Hyades Sector AV-Y d106︎,Corporate,Independent,,32759836,4,3.0,58.1%,16 days ago
Hyades Sector AV-Y d109︎,Corporate,Independent,,32893,4,1.0,57.3%,2 days ago
Hyades Sector AV-Y d36︎,Corporate,Independent,,104577,4,3.0,57.4%,3 days ago
Hyades Sector AV-Y d65︎,Corporate,Independent,,84086,5,3.0,53.8%,26 days ago
Hyades Sector AV-Y d70︎,Corporate,Independent,,4371051,4,1.0,56.0%,11 days ago
Hyades Sector BA-Z c2︎,Democracy,Federation,,227976,4,8.0,34.1%,3 days ago
Hyades Sector BA-Z c3︎,Corporate,Independent,,36105486,4,7.0,53.9%,3 days ago
Hyades Sector BA-Z c4︎,Democracy,Federation,,2196124,4,5.0,34.4%,2 days ago
Hyades Sector BA-Z c5︎,Corporate,Independent,,1069326,3,15.0,47.0%,3 days ago
Hyades Sector BA-Z c8︎,Corporate,Independent,,191016,4,1.0,60.0%,14 days ago
Hyades Sector BF-Y b1-0︎,Corporate,Independent,,12234398,4,8.0,61.6%,91 days ago
Hyades Sector BF-Y b1-1︎,Corporate,Independent,,101192,4,4.0,59.1%,4 days ago
Hyades Sector BF-Y b1-3︎,Corporate,Independent,,146919,3,1.0,64.9%,20 days ago
Hyades Sector BF-Y b1-4︎,Corporate,Independent,,6923299,4,8.0,58.0%,19 days ago
Hyades Sector BF-Y b1-5︎,Corporate,Independent,,126459,4,,62.2%,14 days ago
Hyades Sector BQ-X c1-11︎,Feudal,Independent,,5206877,4,2.0,22.1%,6 days ago
Hyades Sector BQ-X c1-12︎,Feudal,Independent,,182693,4,1.0,18.9%,2 days ago
Hyades Sector BQ-X c1-19︎,Corporate,Independent,,10525044,4,15.0,55.7%,14 hours ago
Hyades Sector BQ-X c1-21︎,Anarchy,Independent,,403130,4,1.0,14.3%,3 days ago
Hyades Sector BV-Y d45︎,Corporate,Independent,,821504,4,13.0,62.0%,40 days ago
Hyades Sector BV-Y d60︎,Corporate,Independent,,2062029,4,1.0,59.6%,14 hours ago
Hyades Sector BV-Y d61︎,Corporate,Independent,,1132431,4,2.0,60.6%,5 days ago
Hyades Sector BV-Y d95︎,Corporate,Independent,,163814,4,,58.3%,9 days ago
Hyades Sector BV-Y d96︎,Corporate,Independent,,190627,3,3.0,63.2%,28 days ago
Hyades Sector BV-Y d97︎,Corporate,Independent,,48988,4,2.0,60.0%,10 hours ago
Hyades Sector CA-Z c12︎,Corporate,Independent,,6279537,4,2.0,60.4%,8 days ago
Hyades Sector CQ-X c1-6︎,Corporate,Independent,,96044,4,1.0,56.8%,16 days ago
Hyades Sector DF-W a3-0︎,Corporate,Independent,,69507,4,2.0,58.3%,55 days ago
Hyades Sector DF-W a3-1︎,Corporate,Independent,,197634,4,2.0,58.2%,26 days ago
Hyades Sector DF-W a3-2︎,Corporate,Independent,,152207,4,1.0,57.2%,44 days ago
Hyades Sector DG-V b3-4︎,Feudal,Independent,,82907,4,2.0,21.6%,6 days ago
Hyades Sector DL-X c1-10︎,Corporate,Independent,,448307,4,3.0,60.0%,3 days ago
Hyades Sector DL-X c1-13︎,Corporate,Independent,,92320,4,1.0,55.2%,5 days ago
Hyades Sector DL-X c1-2︎,Corporate,Independent,,116268,4,4.0,54.5%,4 days ago
Hyades Sector DL-X c1-21︎,Corporate,Independent,,3126532,4,2.0,60.0%,11 days ago
Hyades Sector DL-X c1-6︎,Corporate,Independent,,999742,4,2.0,60.6%,5 days ago
Hyades Sector DL-X c1-7︎,Corporate,Independent,,1226646,4,2.0,68.0%,3 days ago
Hyades Sector DL-X c1-8︎,Corporate,Independent,,859339,4,1.0,59.9%,9 days ago
Hyades Sector DQ-W b2-2︎,Corporate,Independent,,1095290,4,1.0,60.2%,10 days ago
Hyades Sector DQ-W b2-3︎,Corporate,Independent,,82225,4,1.0,60.0%,22 days ago
Hyades Sector DQ-W b2-7︎,Corporate,Independent,,98510,4,2.0,62.9%,3 days ago
Hyades Sector EB-X d1-112︎,Confederacy,Independent,,32010,6,1.0,4.0%,15 hours ago
Hyades Sector EB-X d1-54︎,Corporate,Independent,,183578,7,2.0,29.8%,16 hours ago
Hyades Sector EL-X c1-11︎,Patronage,Independent,,1653284,4,14.0,16.6%,10 hours ago
Hyades Sector EQ-W b2-0︎,Corporate,Independent,,5595889,4,2.0,59.5%,14 days ago
Hyades Sector EQ-W b2-1︎,Corporate,Independent,,288327,4,2.0,56.3%,4 days ago
Hyades Sector EW-V c2-5︎,Corporate,Independent,,27499,4,2.0,60.0%,7 days ago
Hyades Sector FB-V b3-1︎,Corporate,Independent,,126461,4,8.0,60.0%,9 days ago
Hyades Sector FB-V b3-3︎,Corporate,Independent,,100793,4,5.0,55.4%,2 days ago
Hyades Sector FB-V b3-4︎,Corporate,Independent,,17277766,4,13.0,65.4%,20 hours ago
Hyades Sector FB-V b3-5︎,Democracy,Independent,,40297731,4,29.0,19.6%,20 hours ago
Hyades Sector FB-X d1-64︎,Patronage,Independent,,213326,4,2.0,20.8%,3 days ago
Hyades Sector FB-X d1-65︎,Patronage,Independent,,121600,4,8.0,20.6%,1 day ago
Hyades Sector FB-X d1-66︎,Patronage,Independent,,2300451,4,5.0,20.7%,9 hours ago
Hyades Sector FB-X d1-67︎,Patronage,Independent,,212220,4,,20.0%,1 day ago
Hyades Sector FB-X d1-85︎,Patronage,Independent,,1119715,4,3.0,23.7%,22 hours ago
Hyades Sector FB-X d1-88︎,Patronage,Independent,,73304,4,2.0,19.9%,5 days ago
Hyades Sector FB-X d1-90︎,Patronage,Independent,,27177305,3,18.0,10.8%,4 hours ago
Hyades Sector FL-W b2-1︎,Corporate,Independent,,77173,4,2.0,60.0%,40 days ago
Hyades Sector FL-W b2-8︎,Corporate,Independent,,102080,4,1.0,56.4%,10 days ago
Hyades Sector FW-V c2-20︎,Prison Colony,Independent,,73781,4,4.0,13.2%,4 days ago
Hyades Sector FW-V c2-8︎,Prison Colony,Independent,,102128,5,2.0,13.1%,1 day ago
Hyades Sector GB-V b3-2︎,Corporate,Independent,,54308,4,,60.8%,86 days ago
Hyades Sector GB-V b3-3︎,Corporate,Independent,,3054548,4,3.0,59.7%,14 days ago
Hyades Sector GB-V b3-5︎,Corporate,Independent,,1089394,4,3.0,48.3%,2 days ago
Hyades Sector GF-W a3-4︎,Corporate,Independent,,81863,4,2.0,60.0%,11 days ago
Hyades Sector GL-W b2-0︎,Corporate,Independent,,73131,4,1.0,60.0%,1 day ago
Hyades Sector GL-W b2-3︎,Corporate,Independent,,175798,4,1.0,59.3%,5 days ago
Hyades Sector GL-W b2-4︎,,Independent,,0,1,1.0,100.0%,99 days ago
Hyades Sector GL-W b2-5︎,Corporate,Independent,,65932,4,1.0,59.1%,46 days ago
Hyades Sector GL-W b2-6︎,Democracy,Independent,,130850656,4,16.0,38.2%,10 hours ago
Hyades Sector GV-X b1-3︎,Corporate,Independent,,14374,4,1.0,60.0%,5 days ago
Hyades Sector GV-X b1-4︎,Corporate,Independent,,728174,4,6.0,57.0%,25 days ago
Hyades Sector GV-X b1-6︎,Corporate,Independent,,60332,4,1.0,60.0%,10 days ago
Hyades Sector GW-V c2-14︎,Corporate,Independent,,192140,4,1.0,17.8%,5 days ago
Hyades Sector GW-V c2-17︎,Corporate,Independent,,18885283,4,19.0,68.7%,14 hours ago
Hyades Sector GW-V c2-18︎,Corporate,Independent,,1368331,4,7.0,53.8%,1 day ago
Hyades Sector GW-V c2-19︎,Patronage,Independent,,35926730,4,1.0,15.1%,3 days ago
Hyades Sector GW-V c2-5︎,Corporate,Federation,,31012643,3,13.0,10.9%,8 days ago
Hyades Sector HM-T b4-1︎,Feudal,Independent,,104660,4,3.0,20.0%,5 days ago
Hyades Sector HR-V c2-10︎,Confederacy,Federation,,194135,4,2.0,20.5%,8 days ago
Hyades Sector HR-V c2-14︎,Patronage,Independent,,816843,4,1.0,19.8%,3 days ago
Hyades Sector HR-V c2-15︎,Patronage,Independent,,1185134,4,4.0,18.9%,2 days ago
Hyades Sector HR-V c2-16︎,Anarchy,Independent,,168979,4,1.0,20.0%,3 days ago
Hyades Sector HR-V c2-20︎,Confederacy,Federation,,55270,4,2.0,19.9%,4 days ago
Hyades Sector HR-V c2-9︎,Cooperative,Independent,,50299,6,5.0,13.5%,8 days ago
Hyades Sector HW-U b3-4︎,Corporate,Independent,,224491,4,2.0,61.5%,31 days ago
Hyades Sector HW-U b3-6︎,Corporate,Independent,,109297,4,2.0,62.8%,3 days ago
Hyades Sector IH-T b4-5︎,Confederacy,Federation,,73127,4,1.0,19.6%,14 hours ago
Hyades Sector IR-U b3-1︎,Corporate,Independent,,182795,4,1.0,59.6%,10 days ago
Hyades Sector IR-U b3-2︎,Corporate,Independent,,97420,4,2.0,55.8%,18 days ago
Hyades Sector IR-U b3-3︎,Corporate,Independent,,90233,4,1.0,59.2%,7 days ago
Hyades Sector IR-U b3-6︎,Corporate,Independent,,23504735,4,14.0,74.6%,3 days ago
Hyades Sector IR-V c2-13︎,Patronage,Independent,,90355,4,2.0,22.2%,19 days ago
Hyades Sector IR-V c2-16︎,Patronage,Independent,,1105361,3,12.0,19.1%,1 day ago
Hyades Sector IR-V c2-22︎,Patronage,Independent,,59346,4,1.0,19.2%,17 hours ago
Hyades Sector IR-V c2-28︎,Patronage,Independent,,444387,4,3.0,24.8%,1 day ago
Hyades Sector IR-V c2-3︎,Patronage,Independent,,55491,4,2.0,24.5%,4 days ago
Hyades Sector IR-V c2-8︎,Patronage,Independent,,2170016,4,2.0,20.0%,3 days ago
Hyades Sector IW-U b3-4︎,,Independent,,0,4,2.0,60.0%,2 days ago
Hyades Sector JH-T b4-0︎,Corporate,Independent,,1178554,4,5.0,59.2%,2 days ago
Hyades Sector JH-T b4-3︎,Anarchy,Independent,,202388,4,1.0,12.1%,1 day ago
Hyades Sector JH-T b4-5︎,Anarchy,Independent,,1133880,4,4.0,13.8%,7 days ago
Hyades Sector JW-U b3-3︎,Patronage,Independent,,47347,4,1.0,20.0%,6 days ago
Hyades Sector KB-W b2-0︎,Corporate,Independent,,11901573,4,19.0,16.5%,6 minutes ago
Hyades Sector KC-T b4-2︎,Confederacy,Federation,,102808,4,2.0,19.9%,1 day ago
Hyades Sector KC-T b4-3︎,Confederacy,Federation,,37306932,4,7.0,14.7%,1 day ago
Hyades Sector KC-T b4-4︎,Corporate,Independent,,24066429,3,6.0,73.0%,3 days ago
Hyades Sector KC-T b4-5︎,Cooperative,Independent,,12965902,4,10.0,20.8%,4 days ago
Hyades Sector KH-T b4-3︎,Corporate,Independent,,34182606,5,20.0,13.4%,20 hours ago
Hyades Sector LC-T b4-0︎,Corporate,Independent,,451659,4,4.0,39.9%,4 days ago
Hyades Sector LC-T b4-2︎,Corporate,Independent,,84780,4,1.0,60.1%,7 days ago
Hyades Sector LC-T b4-3︎,Patronage,Independent,,158211,4,7.0,19.8%,3 days ago
Hyades Sector LC-T b4-5︎,Patronage,Independent,,654098,4,1.0,19.7%,10 days ago
Hyades Sector LR-U b3-6︎,Patronage,Independent,,64048,4,2.0,25.3%,29 days ago
Hyades Sector MC-T b4-0︎,Patronage,Independent,,86761,4,2.0,20.4%,2 days ago
Hyades Sector MC-T b4-1︎,Patronage,Independent,,30653666,4,4.0,18.9%,21 hours ago
Hyades Sector MC-T b4-2︎,Democracy,Alliance,,10599210,3,26.0,7.5%,1 day ago
Hyades Sector MC-T b4-3︎,Patronage,Independent,,210947,3,3.0,22.5%,11 hours ago
Hyades Sector MC-T b4-4︎,Patronage,Independent,,216476,4,5.0,21.3%,1 day ago
Hyades Sector MC-T b4-5︎,Patronage,Independent,,111590,3,6.0,22.8%,1 day ago
Hyades Sector MC-T b4-6︎,Patronage,Independent,,100918,4,2.0,22.5%,1 day ago
Hyades Sector MR-S a5-2︎,Corporate,Independent,,91593,4,2.0,60.0%,15 days ago
Hyades Sector MX-S b4-4︎,Corporate,Independent,,189875,4,2.0,60.0%,5 days ago
Hyades Sector MX-T c3-15︎,Anarchy,Independent,,171065,5,3.0,5.3%,1 day ago
Hyades Sector NC-T b4-3︎,Patronage,Independent,,33454106,4,3.0,19.2%,2 days ago
Hyades Sector NN-R b5-0︎,Confederacy,Federation,,82013,4,1.0,21.1%,8 days ago
Hyades Sector NN-R b5-2︎,Anarchy,Independent,,94101,4,1.0,19.5%,3 days ago
Hyades Sector NN-R b5-4︎,Anarchy,Independent,,222143,4,5.0,20.2%,3 days ago
Hyades Sector NN-R b5-5︎,Corporate,Federation,,154773,3,3.0,4.2%,8 days ago
Hyades Sector NX-S b4-1︎,Confederacy,Federation,,189736,4,1.0,19.8%,3 days ago
Hyades Sector NX-S b4-2︎,Confederacy,Federation,,194944,4,2.0,19.9%,2 days ago
Hyades Sector NX-S b4-3︎,Corporate,Independent,,1202697,4,7.0,70.0%,2 days ago
Hyades Sector NX-S b4-6︎,Anarchy,Independent,,52314,4,4.0,12.9%,12 days ago
Hyades Sector OI-R b5-3︎,Confederacy,Federation,,215315,4,1.0,21.9%,1 day ago
Hyades Sector OI-R b5-5︎,Confederacy,Federation,,32466757,4,11.0,15.0%,2 days ago
Hyades Sector ON-R b5-4︎,Corporate,Independent,,187709,4,4.0,16.3%,9 days ago
Hyades Sector ON-R b5-6︎,Corporate,Independent,,85300,4,2.0,19.6%,4 days ago
Hyades Sector OR-S a5-4︎,Corporate,Independent,,75175,4,2.0,60.0%,38 days ago
Hyades Sector OX-S b4-3︎,Patronage,Independent,,8836058,4,21.0,24.6%,7 days ago
Hyades Sector OY-P b6-3︎,Corporate,Independent,,5062,4,5.0,61.1%,1 day ago
Hyades Sector PI-R b5-0︎,Corporate,Independent,,105744,4,1.0,61.1%,2 days ago
Hyades Sector PI-R b5-2︎,Anarchy,Independent,,66772745,4,3.0,24.5%,2 days ago
Hyades Sector PI-R b5-3︎,Anarchy,Independent,,1915480,4,1.0,20.0%,6 days ago
Hyades Sector PI-R b5-5︎,Patronage,Independent,,122944,4,1.0,20.0%,4 days ago
Hyades Sector PI-R b5-6︎,Patronage,Independent,,79899,4,2.0,21.2%,16 hours ago
Hyades Sector PM-S a5-3︎,Corporate,Independent,,191926,4,2.0,60.0%,8 days ago
Hyades Sector QI-R b5-0︎,Patronage,Independent,,98759,4,1.0,21.0%,15 hours ago
Hyades Sector QI-R b5-4︎,Patronage,Independent,,890744,4,1.0,20.5%,16 hours ago
Hyades Sector QI-R b5-5︎,Patronage,Independent,,24056098,4,2.0,19.5%,15 hours ago
Hyades Sector QI-R b5-6︎,Patronage,Independent,,284485,4,17.0,23.5%,1 hour ago
Hyades Sector TD-R b5-5︎,Patronage,Independent,,937458,4,1.0,22.0%,9 days ago
Hyades Sector TO-P b6-3︎,Anarchy,Independent,,1547647,4,2.0,12.1%,3 days ago
Hyades Sector UD-A b1-2︎,Corporate,Independent,,87717,4,5.0,55.1%,3 days ago
Hyades Sector UO-P b6-0︎,Anarchy,Independent,,833,4,3.0,10.0%,15 hours ago
Hyades Sector VY-Z b2︎,Corporate,Independent,,11824347,4,5.0,65.6%,8 days ago
Hyades Sector VY-Z b3︎,Corporate,Independent,,4434927,3,16.0,52.7%,4 hours ago
Hyades Sector VY-Z b4︎,Corporate,Independent,,25250,4,2.0,60.0%,13 days ago
Hyades Sector VY-Z b6︎,Corporate,Independent,,51787,3,2.0,70.3%,3 days ago
Hyades Sector WJ-P b6-0︎,Anarchy,Independent,,929,5,3.0,6.6%,21 hours ago
Hyades Sector YJ-Y b1-4︎,Corporate,Independent,,165546,4,1.0,61.3%,14 days ago
Hyades Sector YY-X a2-1︎,Corporate,Independent,,143901,4,3.0,60.0%,5 days ago
Hyades Sector ZE-Z c10︎,Corporate,Independent,,10000,4,,60.0%,113 days ago
Hyades Sector ZE-Z c12︎,Corporate,Independent,,6254298,4,2.0,55.9%,11 days ago
Hyades Sector ZE-Z c18︎,Corporate,Independent,,1238120,4,14.0,49.7%,1 day ago
Hyades Sector ZE-Z c24︎,Corporate,Independent,,24260687,4,6.0,60.2%,8 days ago
Hyades Sector ZE-Z c3︎,Corporate,Independent,,68255,4,5.0,57.6%,3 days ago
Hyades Sector ZE-Z c4︎,Corporate,Independent,,54617,4,1.0,49.7%,7 days ago
Hyades Sector ZE-Z c8︎,Corporate,Independent,,62815,4,1.0,63.0%,13 days ago
Hyades Sector ZE-Z c9︎,Corporate,Independent,,5163553,4,3.0,59.7%,9 days ago
Hyades Sector ZJ-Y b1-1︎,Corporate,Independent,,70184,4,1.0,58.1%,3 days ago
Hyades Sector ZJ-Y b1-4︎,Corporate,Independent,,637651,4,1.0,57.0%,3 days ago
Juro︎,Anarchy,Independent,,29741,5,35.0,4.9%,3 days ago
Kamil︎,Feudal,Independent,,55652,5,29.0,13.4%,6 days ago
Mashian︎,Patronage,Independent,,146792,7,19.0,15.6%,2 days ago
Merek︎,Anarchy,Independent,Li Yong-Rui,71798,6,34.0,13.1%,19 hours ago
Parenich︎,Anarchy,Independent,,22738,6,9.0,8.8%,1 day ago
Ross 422︎,Corporate,Independent,,4292366,4,3.0,61.7%,5 days ago
Taiocamu︎,Anarchy,Independent,,8548,6,12.0,5.6%,16 hours ago
Taurinja︎,Anarchy,Independent,,43743,7,28.0,4.0%,3 days ago
Tekkeitjal︎,Corporate,Independent,,1024237,6,17.0,74.0%,4 days ago
Wolf 284︎,Corporate,Independent,,51452,4,3.0,52.3%,9 days ago
Wolf 286︎,Confederacy,Federation,,1850,4,3.0,14.5%,4 days ago
Xbaquitae︎,Anarchy,Independent,,8883830,7,61.0,7.3%,1 day ago
Zememede︎,Anarchy,Independent,,11333,5,10.0,10.1%,16 hours ago
